customer_id,name,email
1,Rebecca Anderson,gallagherchristopher@example.org
2,Steven Freeman,johnsonkaren@example.com
3,Jennifer Parks,jsmith@example.com
4,Nicholas Mendoza,harpergabrielle@example.org
5,Danielle Moyer,gonzalezwilliam@example.com
6,Stephen Carter,amberpeters@example.com
7,Deanna Daniels,wilkinsonsean@example.org
8,Ryan Moore,johnsonkristina@example.net
9,Kevin Gonzalez,whicks@example.org
10,Roberto Johnston,alyssamiller@example.net
11,Mallory Clay,kevin73@example.com
12,Joshua Gilbert,wardbrittany@example.net
13,Madison Davis,graykelly@example.com
14,Natalie Barnett,hannah41@example.org
15,Mr. Kevin Washington,thomaskelly@example.com
16,Alexander Hudson,teresathomas@example.com
17,Taylor Jones,ggonzalez@example.net
18,Mary Harris,amanda01@example.com
19,Michael Wilkins,virginiagay@example.com
20,Andrew Mendoza,cassiebaker@example.com
21,Michelle Bennett,michael34@example.com
22,Terry Rodriguez,espinozarobert@example.net
23,Sarah Hampton,ann49@example.org
24,Sarah Allen,haneyrhonda@example.net
25,Krista Cook,hessrobert@example.net
26,Angela Wright,shane26@example.org
27,Sarah Ross,boyleroger@example.net
28,Robert Williams,hillbrandy@example.org
29,James Carter,greenejessica@example.net
30,Jessica Gonzalez,rwashington@example.net
31,Kevin Gonzales,ryanstephen@example.com
32,Benjamin Gonzalez,laura73@example.org
33,Kristy Rocha,kfowler@example.org
34,Christina Woodward,todd38@example.org
35,Kenneth Miller,zbaldwin@example.org
36,Jonathan Hicks,amy73@example.com
37,Patricia Thomas,sydneycowan@example.com
38,Alyssa Henderson,grimestiffany@example.org
39,Melanie Hunt,mayheather@example.net
40,Meredith Kelly,mstewart@example.net
41,Angel Kelly,lincody@example.com
42,John Phillips,powellamy@example.net
43,Christine Ware,carsonlarry@example.com
44,Tammy Zhang,rebeccagordon@example.net
45,Michele Thomas,joan36@example.org
46,Lauren Miller,kyle00@example.com
47,Holly Evans,maryhouston@example.org
48,Clinton Hinton,nicoleweaver@example.org
49,Angela Howell,bryan83@example.net
50,Patrick Castillo,johnsonjoanna@example.net
